{
    "obj_file": "box-advanced.obj",
    "camera": {
        "pos": [
            2.763933,
            2.785997,
            -9.345877
        ],
        "up": [
            0,
            1,
            0
        ],
        "dir": [
            0,
            0,
            1
        ],
        "fov": 0.6
    },
    "light": {
        "pos": [
            2.75,
            4.90,
            2.75
        ],
        "color": [
            1.0,
            1.0,
            1.0
        ]
    }
}